prior0,prior1,prior2,b0,b1,b2,ols0,ols1,ols2,sq_dev0,sq_dev1,sq_dev2,sq_dev,ce_signal,ce_noise,ce_total
0.166666666667,0.333333333333,0.5,0.0374272728342,-4.93653179193,2.0642910923,1.14447061752,-5.07554011401,2.06997986465,0.926546255083,0.00402821343511,0.00413334454852,0.934707813067,0.23812750632,0.0257783842865,0.263905890607
0.166666666667,0.5,0.333333333333,0.0480415263024,-4.95899771609,2.05909671113,1.14447061752,-5.07554011401,2.06997986465,0.906224935645,0.00168118728612,0.00349242126581,0.911398544197,0.143657296596,0.0254230522088,0.169080348804
0.333333333333,0.166666666667,0.5,0.055672500725,-5.04146948323,2.06061114798,1.14447061752,-5.07554011401,2.06997986465,0.891754425887,0.00171971803957,0.00367371125891,0.897147855186,0.0876347466651,0.0240445078122,0.111679254477
0.333333333333,0.5,0.166666666667,0.36654323925,-5.0322306807,2.09141840259,1.14447061752,-5.07554011401,2.06997986465,0.40126746774,0.00103881677845,0.00835732433226,0.410663608851,0.00669145267778,0.023855116233,0.0305465689107
0.5,0.166666666667,0.333333333333,0.293245700693,-5.02864639579,2.07575641606,1.14447061752,-5.07554011401,2.06997986465,0.49950163959,0.000820615991917,0.00573903457355,0.506061290155,0.00602172122113,0.023879617329,0.0299013385501
0.5,0.333333333333,0.166666666667,0.526535807759,-5.05597042813,2.11090261848,1.14447061752,-5.07554011401,2.06997986465,0.224168341334,0.00313268882473,0.0122993907859,0.239600420945,0.0206641027746,0.0237247188376,0.0443888216122
0.333333333333,0.333333333333,0.333333333333,0.256561298591,-5.00877823939,2.08010505549,1.14447061752,-5.07554011401,2.06997986465,0.552701102753,7.7057486764e-05,0.0064168199156,0.559194980155,0.0356140136077,0.0241940793948,0.0598080930024